CodOficina;Oficina
'0013;Oficina 1
'0014;Oficina 2
'0023;Oficina 3
'0024;Oficina 4
'0030;Oficina 5
'0047;Oficina 6
'0048;Oficina 7
'0050;Oficina 8
'0053;Oficina 9
'0057;Oficina 10
'0081;Oficina 11
'0083;Oficina 12
'0091;Oficina 13
'0101;Oficina 14
'0102;Oficina 15
'0103;Oficina 16
'0106;Oficina 17
'0108;Oficina 18
'0109;Oficina 19
'0110;Oficina 20
'0111;Oficina 21
'0112;Oficina 22
'0113;Oficina 23
'0114;Oficina 24
'0115;Oficina 25
'0117;Oficina 26
'0118;Oficina 27
'0119;Oficina 28
'0120;Oficina 29
'0121;Oficina 30
'0122;Oficina 31
'0123;Oficina 32
'0126;Oficina 33
'0127;Oficina 34
'0128;Oficina 35
'0130;Oficina 36
'0131;Oficina 37
'0132;Oficina 38
'0136;Oficina 39
'0138;Oficina 40
'0139;Oficina 41
'0140;Oficina 42
'0141;Oficina 43
'0142;Oficina 44
'0144;Oficina 45
'0145;Oficina 46
'0147;Oficina 47
'0148;Oficina 48
'0152;Oficina 49
'0153;Oficina 50
'0156;Oficina 51
'0157;Oficina 52
'0160;Oficina 53
'0162;Oficina 54
'0164;Oficina 55
'0166;Oficina 56
'0169;Oficina 57
'0170;Oficina 58
'0171;Oficina 59
'0172;Oficina 60
'0174;Oficina 61
'0175;Oficina 62
'0176;Oficina 63
'0177;Oficina 64
'0178;Oficina 65
'0179;Oficina 66
'0181;Oficina 67
'0182;Oficina 68
'0183;Oficina 69
'0184;Oficina 70
'0185;Oficina 71
'0186;Oficina 72
'0187;Oficina 73
'0188;Oficina 74
'0189;Oficina 75
'0190;Oficina 76
'0191;Oficina 77
'0193;Oficina 78
'0194;Oficina 79
'0195;Oficina 80
'0197;Oficina 81
'0199;Oficina 82
'0200;Oficina 83
'0201;Oficina 84
'0202;Oficina 85
'0203;Oficina 86
'0205;Oficina 87
'0210;Oficina 88
'0211;Oficina 89
'0214;Oficina 90
'0215;Oficina 91
'0216;Oficina 92
'0218;Oficina 93
'0220;Oficina 94
'0222;Oficina 95
'0223;Oficina 96
'0225;Oficina 97
'0226;Oficina 98
'0228;Oficina 99
'0229;Oficina 100
'0231;Oficina 101
'0232;Oficina 102
'0233;Oficina 103
'0235;Oficina 104
'0236;Oficina 105
'0237;Oficina 106
'0240;Oficina 107
'0241;Oficina 108
'0242;Oficina 109
'0245;Oficina 110
'0246;Oficina 111
'0247;Oficina 112
'0248;Oficina 113
'0249;Oficina 114
'0250;Oficina 115
'0251;Oficina 116
'0254;Oficina 117
'0257;Oficina 118
'0258;Oficina 119
'0259;Oficina 120
'0260;Oficina 121
'0262;Oficina 122
'0265;Oficina 123
'0267;Oficina 124
'0268;Oficina 125
'0270;Oficina 126
'0271;Oficina 127
'0272;Oficina 128
'0273;Oficina 129
'0274;Oficina 130
'0275;Oficina 131
'0276;Oficina 132
'0277;Oficina 133
'0281;Oficina 134
'0285;Oficina 135
'0286;Oficina 136
'0287;Oficina 137
'0288;Oficina 138
'0291;Oficina 139
'0295;Oficina 140
'0300;Oficina 141
'0301;Oficina 142
'0306;Oficina 143
'0310;Oficina 144
'0312;Oficina 145
'0314;Oficina 146
'0315;Oficina 147
'0316;Oficina 148
'0317;Oficina 149
'0318;Oficina 150
'0320;Oficina 151
'0321;Oficina 152
'0323;Oficina 153
'0324;Oficina 154
'0327;Oficina 155
'0328;Oficina 156
'0333;Oficina 157
'0338;Oficina 158
'0340;Oficina 159
'0341;Oficina 160
'0346;Oficina 161
'0348;Oficina 162
'0348;Oficina 163
'0352;Oficina 164
'0353;Oficina 165
'0354;Oficina 166
'0355;Oficina 167
'0356;Oficina 168
'0357;Oficina 169
'0358;Oficina 170
'0359;Oficina 171
'0360;Oficina 172
'0361;Oficina 173
'0364;Oficina 174
'0366;Oficina 175
'0367;Oficina 176
'0369;Oficina 177
'0370;Oficina 178
'0372;Oficina 179
'0383;Oficina 180
'0387;Oficina 181
'0426;Oficina 182
'0427;Oficina 183
'0443;Oficina 184
'0454;Oficina 185
'0467;Oficina 186
'0480;Oficina 187
'0486;Oficina 188
'0508;Oficina 189
'0518;Oficina 190
'0524;Oficina 191
'0542;Oficina 192
'0554;Oficina 193
'0567;Oficina 194
'0584;Oficina 195
'0586;Oficina 196
'0614;Oficina 197
'0615;Oficina 198
'0616;Oficina 199
'0627;Oficina 200
'0654;Oficina 201
'0659;Oficina 202
'0660;Oficina 203
'0661;Oficina 204
'0667;Oficina 205
'0706;Oficina 206
'0712;Oficina 207
'0713;Oficina 208
'0716;Oficina 209
'0717;Oficina 210
'0732;Oficina 211
'0733;Oficina 212
'0750;Oficina 213
'0751;Oficina 214
'0752;Oficina 215
'0760;Oficina 216
'0764;Oficina 217
'0764;Oficina 218
'0766;Oficina 219
'0778;Oficina 220
'0787;Oficina 221
'0791;Oficina 222
'0796;Oficina 223
'0827;Oficina 224
'0831;Oficina 225
'0832;Oficina 226
'0843;Oficina 227
'0847;Oficina 228
'0857;Oficina 229
'0868;Oficina 230
'0872;Oficina 231
'0876;Oficina 232
'0879;Oficina 233
'0900;Oficina 234
'0918;Oficina 235
'0921;Oficina 236
'0923;Oficina 237
'0933;Oficina 238
'0939;Oficina 239
'0960;Oficina 240
'0970;Oficina 241
'0982;Oficina 242
'0999;Oficina 243
